{"spot_diameter_fullres": 184.66003, "tissue_hires_scalef": 0.06275297, "fiducial_diameter_fullres": 298.29696999999993, "tissue_lowres_scalef": 0.018825892}