{"spot_diameter_fullres": 184.65587000000005, "tissue_hires_scalef": 0.06275297, "fiducial_diameter_fullres": 298.29025, "tissue_lowres_scalef": 0.018825892}