{"tissue_hires_scalef": 0.0641725, "tissue_lowres_scalef": 0.019251749, "fiducial_diameter_fullres": 290.69858, "spot_diameter_fullres": 179.95626999999996}