{"tissue_hires_scalef": 0.049631488, "tissue_lowres_scalef": 0.014889446, "fiducial_diameter_fullres": 291.9238000000001, "spot_diameter_fullres": 180.71474}