{"tissue_hires_scalef": 0.049631488, "tissue_lowres_scalef": 0.014889446, "fiducial_diameter_fullres": 291.6456600000001, "spot_diameter_fullres": 180.54256000000004}