{"spot_diameter_fullres": 185.99562997299498, "tissue_hires_scalef": 0.06275297, "fiducial_diameter_fullres": 300.45447918714575, "tissue_lowres_scalef": 0.018825892}