k,fasthplus,1-h
5,0.333179555,0.666820445
4,0.316968346,0.683031654
3,0.290622584,0.709377416
2,0.295395954,0.704604046
6,0.322957489,0.677042511
7,0.336992667,0.663007333
8,0.317648308,0.682351692
9,0.325052067,0.674947933
10,0.316658933,0.683341067
11,0.318513592,0.681486408
12,0.320928913,0.679071087
13,0.31417241,0.68582759
15,0.308895114,0.691104886
14,0.32404125,0.67595875