k,fasthplus,1-h
6,0.370953835,0.629046165
5,0.368804109,0.631195891
4,0.346894265,0.653105735
3,0.294331548,0.705668452
7,0.371639159,0.628360841
8,0.358024954,0.641975046
9,0.363136647,0.636863353
10,0.350275097,0.649724903
12,0.348323108,0.651676892
11,0.343276,0.656724
13,0.340852836,0.659147164
14,0.348166769,0.651833231
15,0.33664391,0.66335609