{"tissue_hires_scalef": 0.097751714, "tissue_lowres_scalef": 0.029325513, "fiducial_diameter_fullres": 211.20395000000002, "spot_diameter_fullres": 130.74530000000004}