{"spot_diameter_fullres": 185.10503999999995, "tissue_hires_scalef": 0.0660742, "fiducial_diameter_fullres": 299.01584, "tissue_lowres_scalef": 0.01982226}