{"tissue_hires_scalef": 0.053520296, "tissue_lowres_scalef": 0.016056089, "fiducial_diameter_fullres": 299.17938000000004, "spot_diameter_fullres": 185.20626999999996}