{"tissue_hires_scalef": 0.056393627, "tissue_lowres_scalef": 0.016918087, "fiducial_diameter_fullres": 291.0777600000001, "spot_diameter_fullres": 180.19098000000002}