{"tissue_hires_scalef": 0.06706008, "tissue_lowres_scalef": 0.020118026, "fiducial_diameter_fullres": 291.44082999999995, "spot_diameter_fullres": 180.41576000000006}