{"tissue_hires_scalef": 0.056393627, "tissue_lowres_scalef": 0.016918087, "fiducial_diameter_fullres": 292.42667, "spot_diameter_fullres": 181.02603}