{"tissue_hires_scalef": 0.049631488, "tissue_lowres_scalef": 0.014889446, "fiducial_diameter_fullres": 290.9623000000001, "spot_diameter_fullres": 180.11952}