{"tissue_hires_scalef": 0.053520296, "tissue_lowres_scalef": 0.016056089, "fiducial_diameter_fullres": 297.8427999999999, "spot_diameter_fullres": 184.37888}