{"tissue_hires_scalef": 0.05883218, "tissue_lowres_scalef": 0.017649654, "fiducial_diameter_fullres": 291.2966000000001, "spot_diameter_fullres": 180.32646}