{"tissue_hires_scalef": 0.078042686, "tissue_lowres_scalef": 0.023412807, "fiducial_diameter_fullres": 291.50954999999993, "spot_diameter_fullres": 180.4583}