{"tissue_hires_scalef": 0.078042686, "tissue_lowres_scalef": 0.023412807, "fiducial_diameter_fullres": 291.2044700000001, "spot_diameter_fullres": 180.26942000000003}