{"tissue_hires_scalef": 0.06275297, "tissue_lowres_scalef": 0.018825892, "fiducial_diameter_fullres": 298.07416000000006, "spot_diameter_fullres": 184.52210999999997}