{"tissue_hires_scalef": 0.05883218, "tissue_lowres_scalef": 0.017649654, "fiducial_diameter_fullres": 291.28072999999995, "spot_diameter_fullres": 180.31665}