k,fasthplus,1-h
4,0.285953844,0.714046156
5,0.297553001,0.702446999
6,0.318337633,0.681662367
7,0.31741671,0.68258329
8,0.314561841,0.685438159
9,0.333999711,0.666000289
10,0.301459251,0.698540749
11,0.328487576,0.671512424
12,0.317725015,0.682274985
13,0.311350663,0.688649337
14,0.309065969,0.690934031
15,0.301113779,0.698886221