{"spot_diameter_fullres": 184.65304999999998, "tissue_hires_scalef": 0.06275297, "fiducial_diameter_fullres": 298.2856999999999, "tissue_lowres_scalef": 0.018825892}