{"tissue_hires_scalef": 0.0641725, "tissue_lowres_scalef": 0.019251749, "fiducial_diameter_fullres": 290.7000699999999, "spot_diameter_fullres": 179.95720000000003}