{"tissue_hires_scalef": 0.05883218, "tissue_lowres_scalef": 0.017649654, "fiducial_diameter_fullres": 290.45390000000003, "spot_diameter_fullres": 179.80479999999997}