source,max_size_gb,med_size_gb,total_size_gb
n30_HE_images,3.419839,2.295671,68.372681
n30_fastqs,15.753903,2.5105805,573.813241
n4_IF_images,0.685964,0.5985935,2.421644
n4_fastqs,4.741534,2.2593940000000003,117.722775
snRNAseq_fastqs,6.180315,2.928233,437.82878900000003
