{"tissue_hires_scalef": 0.06706008, "tissue_lowres_scalef": 0.020118026, "fiducial_diameter_fullres": 290.94843, "spot_diameter_fullres": 180.11093000000002}