{"tissue_hires_scalef": 0.056393627, "tissue_lowres_scalef": 0.016918087, "fiducial_diameter_fullres": 291.34080000000006, "spot_diameter_fullres": 180.35382000000004}