{"tissue_hires_scalef": 0.0641725, "tissue_lowres_scalef": 0.019251749, "fiducial_diameter_fullres": 290.88437, "spot_diameter_fullres": 180.07126999999994}