{"spot_diameter_fullres": 184.64529999999993, "tissue_hires_scalef": 0.053520296, "fiducial_diameter_fullres": 298.27316, "tissue_lowres_scalef": 0.016056089}