{"spot_diameter_fullres": 184.72170000000003, "tissue_hires_scalef": 0.053520296, "fiducial_diameter_fullres": 298.39658000000003, "tissue_lowres_scalef": 0.016056089}