{"spot_diameter_fullres": 184.37888, "tissue_hires_scalef": 0.053520296, "fiducial_diameter_fullres": 297.8427999999999, "tissue_lowres_scalef": 0.016056089}