{"spot_diameter_fullres": 185.44210999999999, "tissue_hires_scalef": 0.0660742, "fiducial_diameter_fullres": 299.5603000000001, "tissue_lowres_scalef": 0.01982226}